<!DOCTYPE hibernate-configuration PUBLIC
        "-//Hibernate/Hibernate Configuration DTD 3.0//EN"
        "http://www.hibernate.org/dtd/hibernate-configuration-3.0.dtd">

<hibernate-configuration>

    <session-factory>

        <!-- JDBC Database connection settings -->
        <property name="connection.driver_class">com.mysql.jdbc.Driver</property>
        <property name="connection.url">jdbc:mysql://localhost:3306/quizmaker?useSSL=false</property>
        <property name="connection.username">admin</property>
        <property name="connection.password">Admin123</property>

        <!-- JDBC connection pool settings ... using built-in test pool -->
        <property name="connection.pool_size">1</property>

        <!-- Select our SQL dialect -->
        <property name="dialect">org.hibernate.dialect.MySQLDialect</property>
        <property name="hibernate.enable_lazy_load_no_trans">true</property>

        <!-- Echo the SQL to stdout -->
        <property name="show_sql">true</property>
        
		<!-- Set the current session context -->
		<property name="current_session_context_class">thread</property>
		
		  <property name="hbm2ddl.auto">validate</property>
	<mapping class="entities.user"/>		
	<mapping class="entities.answer"/>		
	<mapping class="entities.category"/>
	<mapping class="entities.role"/>
	<mapping class="entities.question"/>
	</session-factory>
	

</hibernate-configuration>